LOCALIDAD_CODE,DEPARTAMENTO,size,DPTOLOC_COD,LOC_NOMBRE,DPTO_CODIGO,DPTO_NOMBRE,LAT,LON
01020,01,1287452,01020,MONTEVIDEO,01,Montevideo,-34.9058916,-56.1913095
15120,15,114084,15120,SALTO,15,Salto,-31.38889,-57.9608876
10020,10,102000,10020,MALDONADO,10,Maldonado,-34.9087162,-54.9582718
13020,13,84775,13020,RIVERA,13,Rivera,-30.900058,-55.5408151
11120,11,81550,11120,PAYSANDU,11,Paysandú,-32.3217257,-58.0892136
03221,03,61306,03221,LAS PIEDRAS,03,Canelones,-34.7274904,-56.2164982
18020,18,60586,18020,TACUAREMBO,18,Tacuarembó,-31.7110183,-55.9788762
04020,04,56013,04020,MELO,04,Cerro Largo,-32.3680849,-54.1697146
02020,02,43894,02020,ARTIGAS,02,Artigas,-30.3984136,-56.4638078
17220,17,43543,17220,MERCEDES,17,Soriano,-33.2484204,-58.0298671
06020,06,40279,06020,DURAZNO,06,Durazno,-33.3801247,-56.5224986
03900,03,39212,03900,RURAL/PARAJE RURAL,03,Canelones,,
09220,09,38645,09220,MINAS,09,Lavalleja,-34.3773987,-55.2382144
16220,16,38553,16220,SAN JOSE DE MAYO,16,San José,-34.3396521,-56.7143155
16021,16,38249,16021,CIUDAD DEL PLATA,16,San José,-34.7515308,-56.4205752
08220,08,36471,08220,FLORIDA,08,Florida,-34.101363,-56.214752
03521,03,35660,03521,BARROS BLANCOS,03,Canelones,-34.7520226,-56.0002807
05320,05,32174,05320,COLONIA DEL SACRAMENTO,05,Colonia,-34.4698592,-57.8433679
03322,03,31191,03322,PANDO,03,Canelones,-34.721323,-55.959447
10321,10,30293,10321,SAN CARLOS,10,Maldonado,-34.7920447,-54.9207502
03828,03,27190,03828,EL PINAR,03,Canelones,-34.7968981,-55.9076688
12320,12,26967,12320,FRAY BENTOS,12,Río Negro,-33.1165167,-58.3130977
14320,14,26784,14320,ROCHA,14,Rocha,-34.4810095,-54.3365608
19220,19,25890,19220,TREINTA Y TRES,19,Treinta y Tres,-33.2315713,-54.3862595
03320,03,24185,03320,CANELONES,03,Canelones,-34.5242373,-56.2817519
07320,07,22893,07320,TRINIDAD,07,Flores,-33.5173479,-56.8979718
03343,03,22592,03343,18 DE MAYO,03,Canelones,-34.6933845,-56.220872
03953,03,22525,03953,LOMAS DE SOLYMAR,03,Canelones,-34.817821,-55.9440644
03732,03,22340,03732,SOLYMAR,03,Canelones,-34.8248489,-55.9707288
05321,05,19915,05321,CARMELO,05,Colonia,-33.9967827,-58.2836485
03321,03,19132,03321,LA PAZ,03,Canelones,-34.7632648,-56.2236965
17321,17,18447,17321,DOLORES,17,Soriano,-33.5300696,-58.2170674
10021,10,18193,10021,PUNTA DEL ESTE,10,Maldonado,-34.9632342,-54.9439981
12421,12,17814,12421,YOUNG,12,Río Negro,-32.6995318,-57.6341992
03024,03,17586,03024,PASO CARRASCO,03,Canelones,-34.8621152,-56.0525006
03323,03,17381,03323,SANTA LUCIA,03,Canelones,-34.4550929,-56.3893012
04522,04,17379,04522,RIO BRANCO,04,Cerro Largo,-32.588689,-53.3780831
02021,02,16166,02021,BELLA UNION,02,Artigas,-30.2612301,-57.6059002
01900,01,15132,01900,RURAL/PARAJE RURAL,01,Montevideo,,
18321,18,14210,18321,PASO DE LOS TOROS,18,Tacuarembó,-32.8108095,-56.5174948
14521,14,13538,14521,CHUY,14,Rocha,-33.6937948,-53.4561114
03627,03,13142,03627,PARQUE DEL PLATA,03,Canelones,-34.765726,-55.7179432
16421,16,12971,16421,LIBERTAD,16,San José,-34.6310156,-56.6164899
05323,05,12397,05323,JUAN LACAZE,05,Colonia,-34.434266,-57.4380432
16900,16,12203,16900,RURAL/PARAJE RURAL,16,San José,,
10523,10,12150,10523,PIRIAPOLIS,10,Maldonado,-34.8689037,-55.2724472
05421,05,11740,05421,NUEVA HELVECIA,05,Colonia,-34.2849689,-57.2336726
03729,03,11700,03729,SALINAS,03,Canelones,-34.7818023,-55.8370115
03523,03,11582,03523,COLONIA NICOLICH,03,Canelones,-34.8173358,-56.0209729
03421,03,11540,03421,PROGRESO,03,Canelones,-34.6798644,-56.2154727
05900,05,11045,05900,RURAL/PARAJE RURAL,05,Colonia,,
05423,05,10775,05423,NUEVA PALMIRA,05,Colonia,-33.8710911,-58.4068884
03529,03,10609,03529,VILLA CRESPO Y SAN ANDRES,03,Canelones,-34.7413732,-56.1087333
05422,05,10584,05422,ROSARIO,05,Colonia,-34.3115588,-57.3512918
11522,11,10170,11522,NUEVO PAYSANDU,11,Paysandú,-32.2702086,-58.0837759
03530,03,9560,03530,FRACC. CNO. ANDALUZ Y R.84,03,Canelones,,
03727,03,9171,03727,PARQUE CARRASCO,03,Canelones,-34.8543879,-56.0110042
03959,03,9146,03959,NEPTUNIA,03,Canelones,-34.788026,-55.8718706
03831,03,8835,03831,LAGOMAR,03,Canelones,-34.8357436,-55.9847029
03830,03,8727,03830,PINAMAR - PINEPARK,03,Canelones,,
03633,03,8535,03633,SAN JOSE DE CARRASCO,03,Canelones,-34.8386788,-55.9970798
03524,03,8353,03524,JOAQUIN SUAREZ,03,Canelones,-34.7355165,-56.0350642
03621,03,8139,03621,ATLANTIDA,03,Canelones,-34.7743888,-55.7605883
13522,13,7743,13522,TRANQUERAS,13,Rivera,-31.1939884,-55.7649238
14421,14,7715,14421,CASTILLOS,14,Rocha,-34.2003023,-53.8608364
06421,06,7700,06421,SARANDI DEL YI,06,Durazno,-33.3442144,-55.6313253
19956,19,7692,19956,EJIDO DE TREINTA Y TRES,19,Treinta y Tres,,
10522,10,7620,10522,PAN DE AZUCAR,10,Maldonado,-34.7755603,-55.224032
18900,18,7589,18900,RURAL/PARAJE RURAL,18,Tacuarembó,,
14422,14,7572,14422,LASCANO,14,Rocha,-33.6738454,-54.2078542
08900,08,7492,08900,RURAL/PARAJE RURAL,08,Florida,,
03527,03,7446,03527,SAUCE,03,Canelones,-34.6496661,-56.0649654
15900,15,7429,15900,RURAL/PARAJE RURAL,15,Salto,,
03422,03,7356,03422,SAN RAMON,03,Canelones,-34.2900689,-55.9574463
05522,05,7269,05522,TARARIRAS,05,Colonia,-34.2648285,-57.6143416
08421,08,6827,08421,SARANDI GRANDE,08,Florida,-33.7228206,-56.3273963
03722,03,6559,03722,BARRA DE CARRASCO,03,Canelones,-34.8686988,-56.0287292
03631,03,6520,03631,TOLEDO,03,Canelones,-34.7398043,-56.0892924
14722,14,5939,14722,LA PALOMA,14,Rocha,-34.6631811,-54.155092
03528,03,5779,03528,TALA,03,Canelones,-34.3442958,-55.7617585
11521,11,5762,11521,GUICHON,11,Paysandú,-32.3603815,-57.2002983
10900,10,5618,10900,RURAL/PARAJE RURAL,10,Maldonado,,
03629,03,5586,03629,SAN JACINTO,03,Canelones,-34.5435855,-55.8710299
03726,03,5425,03726,LAS TOSCAS,03,Canelones,-34.7730052,-55.7387989
09522,09,5401,09522,JOSE PEDRO VARELA,09,Lavalleja,-33.4564695,-54.5353454
03957,03,5359,03957,MARINDIA,03,Canelones,-34.7742852,-55.8266887
09900,09,5299,09900,RURAL/PARAJE RURAL,09,Lavalleja,,
13900,13,5246,13900,RURAL/PARAJE RURAL,13,Rivera,,
17521,17,5186,17521,CARDONA,17,Soriano,-33.8707543,-57.3671369
04900,04,5051,04900,RURAL/PARAJE RURAL,04,Cerro Largo,,
17900,17,4986,17900,RURAL/PARAJE RURAL,17,Soriano,,
11951,11,4963,11951,CHACRAS DE PAYSANDU,11,Paysandú,-32.3438623,-58.0086687
03625,03,4921,03625,EMPALME OLMOS,03,Canelones,-34.6954579,-55.8948676
11900,11,4662,11900,RURAL/PARAJE RURAL,11,Paysandú,,
10973,10,4612,10973,BALNEARIO BUENOS AIRES,10,Maldonado,-34.8874624,-54.793618
10944,10,4592,10944,LA CAPUERA,10,Maldonado,-34.8525158,-55.1276144
03733,03,4434,03733,VILLA AEROPARQUE,03,Canelones,-34.7920216,-55.9958459
03526,03,4242,03526,SANTA ROSA,03,Canelones,-34.4982333,-56.040947
14900,14,4170,14900,RURAL/PARAJE RURAL,14,Rocha,,
05621,05,4135,05621,COLONIA VALDENSE,05,Colonia,-34.3400221,-57.2628055
06900,06,4011,06900,RURAL/PARAJE RURAL,06,Durazno,,
19522,19,3960,19522,VERGARA,19,Treinta y Tres,-32.9376731,-53.9377544
13621,13,3919,13621,VICHADERO,13,Rivera,-31.7789553,-54.6923583
18521,18,3899,18521,SAN GREGORIO DE POLANCO,18,Tacuarembó,-32.6180516,-55.8345547
05622,05,3879,05622,FLORENCIO SANCHEZ,05,Colonia,-33.8763719,-57.3703478
03834,03,3847,03834,SAN LUIS,03,Canelones,-34.7677166,-55.5903314
12900,12,3690,12900,RURAL/PARAJE RURAL,12,Río Negro,,
05521,05,3665,05521,OMBUES DE LAVALLE,05,Colonia,-33.940575,-57.8083627
13521,13,3642,13521,MINAS DE CORRALES,13,Rivera,-31.5691608,-55.4730233
03835,03,3610,03835,SHANGRILA,03,Canelones,-34.8474788,-55.9979273
03624,03,3564,03624,LOS CERRILLOS,03,Canelones,-34.6071478,-56.3590339
02900,02,3460,02900,RURAL/PARAJE RURAL,02,Artigas,,
03987,03,3349,03987,COLINAS DE SOLYMAR,03,Canelones,-34.8030241,-55.9577666
10924,10,3322,10924,BARRIO HIPODROMO,10,Maldonado,-34.8615198,-54.9448254
04521,04,3294,04521,FRAILE MUERTO,04,Cerro Largo,-32.5132703,-54.5234426
09622,09,3244,09622,SOLIS DE MATAOJO,09,Lavalleja,-34.5991619,-55.4665676
16022,16,3181,16022,ECILDA PAULLIER,16,San José,-34.3606955,-57.0501049
03724,03,3146,03724,LA FLORESTA,03,Canelones,-34.7537689,-55.675739
16621,16,3100,16621,RODRIGUEZ,16,San José,-34.3806737,-56.539069
18722,18,2891,18722,ANSINA,18,Tacuarembó,-31.878069,-55.4625905
10936,10,2888,10936,EL TESORO,10,Maldonado,-34.9010525,-54.8683906
15523,15,2873,15523,CONSTITUCION,15,Salto,-31.0671956,-57.8493627
11621,11,2817,11621,QUEBRACHO,11,Paysandú,-31.9355644,-57.9005404
02522,02,2775,02522,TOMAS GOMENSORO,02,Artigas,-30.4304107,-57.435025
06521,06,2759,06521,CARMEN,06,Durazno,-33.2410373,-56.0131446
10521,10,2742,10521,AIGUA,10,Maldonado,-34.7891068,-55.3868058
08521,08,2742,08521,CASUPA,08,Florida,-34.1005881,-55.6514175
02621,02,2728,02621,BALTASAR BRUM,02,Artigas,-30.7201503,-57.3307941
08622,08,2701,08622,FRAY MARCOS,08,Florida,-34.1960802,-55.7395224
12621,12,2692,12621,NUEVO BERLIN,12,Río Negro,-32.9803448,-58.0569456
04721,04,2655,04721,ISIDORO NOBLIA,04,Cerro Largo,-31.9606382,-54.1228939
03626,03,2555,03626,MIGUES,03,Canelones,-34.4885052,-55.630224
11830,11,2533,11830,SAN FELIX,11,Paysandú,-32.3511177,-58.1016822
02830,02,2412,02830,PINTADITO,02,Artigas,-30.4337339,-56.457934
03622,03,2397,03622,ESTACION ATLANTIDA,03,Canelones,-34.7416189,-55.7629782
19900,19,2367,19900,RURAL/PARAJE RURAL,19,Treinta y Tres,,
19521,19,2347,19521,SANTA CLARA DE OLIMAR,19,Treinta y Tres,-32.9235413,-54.9444982
09521,09,2313,09521,JOSE BATLLE Y ORDO?ÂÑEZ,09,Lavalleja,,
17622,17,2218,17622,PALMITAS,17,Soriano,-33.5091893,-57.8006663
08624,08,2172,08624,25 DE MAYO,08,Florida,-34.1990928,-56.3426875
03628,03,2163,03628,SAN BAUTISTA,03,Canelones,-34.4410211,-55.9595114
03630,03,2094,03630,DR. FRANCISCO SOCA,03,Canelones,-34.6834361,-55.704475
17621,17,2070,17621,JOSE ENRIQUE RODO,17,Soriano,-33.6980493,-57.5320234
03730,03,2039,03730,SAN ANTONIO,03,Canelones,-34.4513014,-56.0802552
14962,14,2014,14962,PUNTA DEL DIABLO,14,Rocha,-34.0449102,-53.5398091
12622,12,1932,12622,SAN JAVIER,12,Río Negro,-32.6664272,-58.1330431
03632,03,1893,03632,MONTES,03,Canelones,-34.4927322,-55.561799
10022,10,1888,10022,PUNTA BALLENA,10,Maldonado,-34.8901438,-55.0401144
03910,03,1822,03910,CITY GOLF,03,Canelones,-34.7588209,-55.7735002
08623,08,1814,08623,25 DE AGOSTO,08,Florida,-34.4123302,-56.4001637
15522,15,1795,15522,BELEN,15,Salto,-30.789358,-57.7790732
03826,03,1776,03826,COSTA AZUL,03,Canelones,-34.7687842,-55.6567075
09621,09,1753,09621,MARISCALA,09,Lavalleja,-34.0418823,-54.7770375
07900,07,1718,07900,RURAL/PARAJE RURAL,07,Flores,,
03634,03,1705,03634,FRACC. SOBRE RUTA 74,03,Canelones,,
10953,10,1681,10953,PLAYA GRANDE,10,Maldonado,-34.845655,-55.2959105
14621,14,1665,14621,CEBOLLATI,14,Rocha,-33.2682531,-53.7960583
16821,16,1618,16821,PUNTAS DE VALDEZ,16,San José,-34.5858403,-56.7006824
06722,06,1614,06722,CENTENARIO,06,Durazno,-32.8283195,-56.4986474
03839,03,1560,03839,VILLA SAN JOSE,03,Canelones,-34.7164287,-56.0741733
16826,16,1517,16826,RAFAEL PERAZA,16,San José,-34.5231547,-56.8005675
04821,04,1489,04821,ACEGUA,04,Cerro Largo,-31.8718318,-54.1627778
03725,03,1463,03725,ESTACION LA FLORESTA,03,Canelones,-34.7346878,-55.6838637
10954,10,1456,10954,PLAYA HERMOSA,10,Maldonado,-34.8332505,-55.3027305
03723,03,1453,03723,JUANICO,03,Canelones,-34.5952681,-56.2552383
19722,19,1429,19722,GRAL. ENRIQUE MARTINEZ,19,Treinta y Tres,,
03997,03,1389,03997,LA TAHONA,03,Canelones,-34.794552,-55.9821329
14821,14,1373,14821,LA AGUADA Y COSTA AZUL,14,Rocha,-34.6409179,-54.1577652
14957,14,1346,14957,PUIMAYEN,14,Rocha,-33.7637876,-53.401335
06790,06,1321,06790,CERRO CHATO,06,Durazno,-33.0983705,-55.1356591
08621,08,1316,08621,CARDAL,08,Florida,-34.2914025,-56.3916077
19723,19,1309,19723,VILLA SARA,19,Treinta y Tres,-33.2539778,-54.4140731
17950,17,1296,17950,CHACRAS DE DOLORES,17,Soriano,-33.5509052,-58.2152848
17623,17,1290,17623,VILLA SORIANO,17,Soriano,-33.3939059,-58.3197607
19790,19,1288,19790,CERRO CHATO,19,Treinta y Tres,-33.1089909,-55.1301349
03980,03,1274,03980,VILLA ARGENTINA,03,Canelones,-34.7686332,-55.7764552
06622,06,1268,06622,LA PALOMA,06,Durazno,-32.727674,-55.5796648
04621,04,1264,04621,TUPAMBAE,04,Cerro Largo,-32.8363645,-54.7632651
10940,10,1262,10940,GREGORIO AZNAREZ,10,Maldonado,-34.7474726,-55.3993241
03837,03,1249,03837,VILLA FELICIDAD,03,Canelones,-34.6417881,-56.2407745
10942,10,1229,10942,LA BARRA,10,Maldonado,-34.914587,-54.8614131
11827,11,1202,11827,PIEDRAS COLORADAS,11,Paysandú,-32.3730042,-57.6087097
18828,18,1200,18828,LAS TOSCAS DE CARAGUATA,18,Tacuarembó,-32.1850464,-55.0089047
06621,06,1176,06621,BLANQUILLO,06,Durazno,-32.8868081,-55.6153834
11723,11,1175,11723,PORVENIR,11,Paysandú,-32.3932041,-57.9678882
10934,10,1168,10934,EL CHORRO,10,Maldonado,-34.9004074,-54.8127397
08721,08,1166,08721,ALEJANDRO GALLINAL,08,Florida,-33.8617347,-55.5439733
03836,03,1162,03836,TOTORAL DEL SAUCE,03,Canelones,-34.6607107,-55.9932366
03721,03,1154,03721,AGUAS CORRIENTES,03,Canelones,-34.5227043,-56.3941179
14721,14,1153,14721,18 DE JULIO,14,Rocha,-33.6844727,-53.5547074
03939,03,1138,03939,EL BOSQUE,03,Canelones,-34.8388009,-55.9718243
03925,03,1132,03925,BELLO HORIZONTE,03,Canelones,-34.7717946,-55.6452796
06721,06,1128,06721,CARLOS REYLES,06,Durazno,-33.0571295,-56.4766763
02725,02,1081,02725,SEQUEIRA,02,Artigas,-31.0013384,-56.8771169
07721,07,1075,07721,ISMAEL CORTINAS,07,Flores,-33.9602504,-57.0903714
16923,16,1048,16923,JUAN SOLER,16,San José,-34.3225677,-56.8054874
08724,08,1046,08724,NICO PEREZ,08,Florida,-33.4815291,-55.1542503
18723,18,1030,18723,CURTINA,18,Tacuarembó,-32.1496109,-56.1171604
08824,08,1030,08824,MENDOZA CHICO,08,Florida,-34.2394742,-56.2165198
02823,02,1025,02823,CUAREIM,02,Artigas,-30.2262817,-57.5684916
17722,17,1013,17722,SANTA CATALINA,17,Soriano,-33.7924138,-57.4857037
03935,03,1000,03935,CUCHILLA ALTA,03,Canelones,-34.7935444,-55.4943788
03989,03,997,03989,VILLA EL TATO,03,Canelones,-34.7745865,-55.9732166
15722,15,996,15722,SAN ANTONIO,15,Salto,-31.3574021,-57.7669147
05831,05,975,05831,MIGUELETE,05,Colonia,-34.0068496,-57.6472815
03946,03,942,03946,JAUREGUIBERRY,03,Canelones,-34.7828121,-55.4013317
08722,08,914,08722,CAPILLA DEL SAUCE,08,Florida,-33.4694385,-55.630689
10959,10,914,10959,PUNTA NEGRA,10,Maldonado,-34.8903467,-55.2187276
14923,14,905,14923,BARRA DEL CHUY,14,Rocha,-33.7551351,-53.3890022
03993,03,903,03993,LOMAS DE CARRASCO,03,Canelones,-34.7846262,-55.9715513
16932,16,897,16932,KIYU-ORDEIG,16,San José,-34.6989711,-56.7359646
10948,10,891,10948,OCEAN PARK,10,Maldonado,-34.8707552,-55.1202576
11695,11,886,11695,TAMBORES,11,Paysandú,-31.8794253,-56.2428341
16721,16,877,16721,ITUZAINGO,16,San José,-34.420459,-56.4236658
15949,15,871,15949,MIGLIARO,15,Salto,-31.0968091,-57.0233776
13823,13,868,13823,PASO ATAQUES,13,Rivera,-31.207419,-55.3585327
14622,14,867,14622,VELAZQUEZ,14,Rocha,-34.0376975,-54.2821383
15966,15,865,15966,COLONIA 18 DE JULIO,15,Salto,-31.3563317,-57.8739866
03912,03,843,03912,ESTANQUE DE PANDO,03,Canelones,-34.6941922,-55.9704656
03974,03,840,03974,SANTA ANA,03,Canelones,-34.7914925,-55.4722385
03825,03,838,03825,BARRIO COPOLA,03,Canelones,-34.7529446,-56.2428849
16827,16,825,16827,RAIGON,16,San José,-34.3405707,-56.6642101
03913,03,819,03913,JARDINES DE PANDO,03,Canelones,-34.6861268,-55.9663024
03911,03,818,03911,VIEJO MOLINO SAN BERNARDO,03,Canelones,-34.7010304,-55.9656646
17721,17,815,17721,EGAÑA,17,Soriano,-33.601464,-57.6292329
04949,04,794,04949,LAGO MERIN,04,Cerro Largo,-32.7416723,-53.2612057
03823,03,786,03823,CASTELLANOS,03,Canelones,-34.3804259,-55.9521892
12797,12,782,12797,ALGORTA,12,Río Negro,-32.4230984,-57.3924836
03999,03,781,03999,MIRADOR DE LA TAHONA,03,Canelones,-34.7764512,-55.9640148
14959,14,778,14959,ARACHANIA,14,Rocha,-34.6157638,-54.1523434
10969,10,771,10969,SAUCE DE PORTEZUELO,10,Maldonado,-34.8717059,-55.1382412
15965,15,761,15965,RINCON DE VALENTIN,15,Salto,-31.2821677,-57.1992258
18721,18,754,18721,ACHAR,18,Tacuarembó,-32.4074011,-56.1823412
09721,09,740,09721,PIRARAJA,09,Lavalleja,-33.740851,-54.7573012
03949,03,740,03949,LA MONTAÑESA,03,Canelones,-34.7200261,-55.8803066
16925,16,730,16925,CAPURRO,16,San José,-34.4340415,-56.4647157
14921,14,724,14921,AGUAS DULCES,14,Rocha,-34.2766358,-53.7814956
08823,08,722,08823,MENDOZA,08,Florida,-34.2823049,-56.2144898
14823,14,707,14823,LA CORONILLA,14,Rocha,-33.8961359,-53.5154737
11926,11,707,11926,CHAPICUY,11,Paysandú,-31.6606188,-57.8886871
08723,08,705,08723,LA CRUZ,08,Florida,-33.9302121,-56.2367996
19821,19,697,19821,ESTACION RINCON,19,Treinta y Tres,-32.8335242,-53.8324905
11721,11,692,11721,LORENZO GEYRES,11,Paysandú,-32.0790713,-57.9191119
03832,03,689,03832,OLMOS,03,Canelones,-34.6983133,-55.9291216
10823,10,687,10823,GERONA  - KM 110,10,Maldonado,-34.7675622,-55.2548138
15924,15,678,15924,ARENITAS BLANCAS,15,Salto,-31.4171635,-58.0026155
03334,03,677,03334,CARRASCO DEL SAUCE,03,Canelones,-34.6815479,-56.1129177
03984,03,665,03984,VILLA PORVENIR,03,Canelones,-34.7247172,-56.0851822
16926,16,655,16926,VILLA MARIA,16,San José,-34.5142196,-56.7605922
03978,03,653,03978,SEIS HERMANOS,03,Canelones,-34.7128661,-56.06907
14723,14,649,14723,SAN LUIS AL MEDIO,14,Rocha,-33.6043198,-53.7171477
12722,12,644,12722,BARRIO ANGLO,12,Río Negro,-33.1192767,-58.327015
02831,02,640,02831,PORT. DE HIERRO Y CAMPODONICO,02,Artigas,,
17823,17,634,17823,RISSO,17,Soriano,-33.6233122,-57.5717318
12723,12,627,12723,GRECCO,12,Río Negro,-32.815622,-57.0430812
13940,13,624,13940,LAGOS DEL NORTE,13,Rivera,-30.9833933,-55.4989326
08821,08,622,08821,CHAMIZO,08,Florida,-34.2436011,-55.9170096
03986,03,607,03986,GUAZU - VIRA,03,Canelones,-34.7677041,-55.6136676
05724,05,592,05724,LA PAZ,05,Colonia,-34.3471569,-57.309232
04827,04,590,04827,PLACIDO ROSAS,04,Cerro Largo,-32.7570191,-53.7189243
03943,03,583,03943,FORTIN DE SANTA ROSA,03,Canelones,-34.771943,-55.8056021
18695,18,582,18695,TAMBORES,18,Tacuarembó,-31.8758949,-56.2407088
11953,11,576,11953,GALLINAL,11,Paysandú,-31.8836806,-57.4782534
03979,03,574,03979,VILLA AREJO,03,Canelones,-34.5944627,-56.1682699
05979,05,573,05979,SANTA ANA,05,Colonia,-34.4214131,-57.5934499
15821,15,572,15821,ALBISU,15,Salto,-31.3842312,-57.8146463
15939,15,549,15939,GARIBALDI,15,Salto,-31.3394184,-57.8289095
05721,05,545,05721,CONCHILLAS,05,Colonia,-34.1643275,-58.0332804
14929,14,544,14929,CAPACHO,14,Rocha,-33.8949283,-53.5288203
10955,10,543,10955,PLAYA VERDE,10,Maldonado,-34.8233163,-55.3139722
05826,05,538,05826,EL SEMILLERO,05,Colonia,-34.3377674,-57.6891144
02833,02,533,02833,MONES QUINTELA,02,Artigas,-30.3735682,-57.6637734
12930,12,530,12930,LOS ARRAYANES,12,Río Negro,-33.2361747,-58.0382365
03838,03,529,03838,VILLA PAZ S.A.,03,Canelones,-34.7493114,-56.2344468
03990,03,529,03990,VILLA SAN CONO,03,Canelones,-34.6712724,-56.1674749
09722,09,527,09722,ZAPICAN,09,Lavalleja,-33.5276325,-54.9395366
11937,11,522,11937,ORGOROSO,11,Paysandú,-32.3802859,-57.5177595
16825,16,521,16825,18 DE JULIO (PUEBLO NUEVO),16,San José,-34.4449676,-56.4432514
08790,08,521,08790,CERRO CHATO,08,Florida,-33.1065092,-55.1367192
02925,02,516,02925,CAINSA,02,Artigas,-30.3893297,-57.6124354
10992,10,508,10992,LA JUANITA,10,Maldonado,-34.8354931,-54.6558978
03921,03,494,03921,ARAMINDA,03,Canelones,-34.7850865,-55.5528269
10926,10,485,10926,BELLA VISTA,10,Maldonado,-34.8021034,-55.3574519
18829,18,482,18829,PASO BONILLA,18,Tacuarembó,-31.8085152,-55.9771604
15827,15,482,15827,TERMAS DEL DAYMAN,15,Salto,-31.4525017,-57.9083609
11722,11,480,11722,MERINOS,11,Paysandú,-32.3847103,-56.9086156
02822,02,477,02822,CORONADO,02,Artigas,-30.276196,-57.6028684
03922,03,474,03922,ARGENTINO,03,Canelones,-34.7889146,-55.4538684
10828,10,467,10828,SOLIS,10,Maldonado,-34.7923733,-55.3837161
10825,10,467,10825,LAS FLORES - ESTACION,10,Maldonado,-34.7893148,-55.3276597
15723,15,466,15723,CHACRAS DE BELEN,15,Salto,-30.7893429,-57.7568625
03992,03,464,03992,COLINAS DE CARRASCO,03,Canelones,-34.788343,-56.0177206
14940,14,462,14940,BARRA DE VALIZAS,14,Rocha,-34.3369825,-53.7928131
08933,08,460,08933,INDEPENDENCIA,08,Florida,-34.3541414,-56.3984947
11823,11,454,11823,CASABLANCA,11,Paysandú,-32.3971639,-58.1565864
03975,03,453,03975,SANTA LUCIA DEL ESTE,03,Canelones,-34.7881795,-55.5377062
15970,15,447,15970,COLONIA ITAPEBI,15,Salto,-31.3369602,-57.4079571
04983,04,443,04983,BARRIO LOPEZ BENITEZ,04,Cerro Largo,-32.3634786,-54.2102767
03970,03,441,03970,EL GALEON,03,Canelones,-34.79408,-55.4866821
11931,11,439,11931,ESPERANZA,11,Paysandú,-32.3524425,-57.9525632
02959,02,438,02959,COLONIA PALMA,02,Artigas,-30.5841709,-57.6789928
17824,17,437,17824,SACACHISPAS,17,Soriano,-33.1174279,-57.6331157
06964,06,436,06964,SAN JORGE,06,Durazno,-32.8446509,-55.8963803
10931,10,423,10931,CERROS AZULES,10,Maldonado,-34.7658034,-55.3649103
15822,15,422,15822,BIASSINI,15,Salto,-31.2776239,-57.1262997
17825,17,421,17825,CAÑADA NIETO,17,Soriano,-33.6985655,-58.1094373
10945,10,416,10945,LAS FLORES,10,Maldonado,-34.8105373,-55.3319227
03827,03,415,03827,COSTA Y GUILLAMON,03,Canelones,-34.7602361,-56.2379754
10958,10,413,10958,PUNTA COLORADA,10,Maldonado,-34.9002403,-55.2580772
03948,03,409,03948,LA LUCHA,03,Canelones,-34.6706524,-56.2428021
18993,18,407,18993,CRUZ DE LOS CAMINOS,18,Tacuarembó,-32.2323893,-54.9660212
05824,05,390,05824,CUFRE,05,Colonia,-34.19644,-57.1058641
02721,02,389,02721,BERNABE RIVERA,02,Artigas,-30.2991698,-56.9701236
03833,03,387,03833,PARADA CABRERA,03,Canelones,-34.6245529,-56.2556026
05923,05,380,05923,CAMPANA,05,Colonia,-34.032615,-57.9029104
14960,14,379,14960,PTA. RUBIA Y STA. ISABEL DE LA PEDRERA,14,Rocha,,
11825,11,378,11825,CONSTANCIA,11,Paysandú,-32.2039074,-58.0058847
03337,03,376,03337,LAS BRUJAS,03,Canelones,-34.6906736,-56.3996001
16823,16,373,16823,MAL ABRIGO,16,San José,-34.1463991,-56.9528729
13832,13,373,13832,LAS FLORES,13,Rivera,-31.7822838,-55.1982306
11822,11,367,11822,BEISSO,11,Paysandú,-32.3185545,-57.0525491
10947,10,364,10947,MANANTIALES,10,Maldonado,-34.9059095,-54.8238616
16961,16,362,16961,RADIAL,16,San José,-34.5514117,-56.758189
17624,17,346,17624,PALMAR,17,Soriano,-33.0626225,-57.460298
03914,03,335,03914,PASO ESPINOSA,03,Canelones,-34.4946564,-56.2830556
11929,11,335,11929,EL EUCALIPTUS,11,Paysandú,-31.9022249,-57.2675727
03968,03,334,03968,PIEDRA DEL TORO,03,Canelones,-34.7023026,-55.8876273
16822,16,331,16822,GONZALEZ,16,San José,-34.2291805,-56.8761515
03840,03,330,03840,ESTACION TAPIA,03,Canelones,-34.5657364,-55.7505504
05960,05,325,05960,PLAYA BRITOPOLIS,05,Colonia,-34.4318646,-57.2711739
03333,03,322,03333,BARRIO LA CINACINA,03,Canelones,-34.7106618,-56.1115417
05951,05,318,05951,LOS PINOS,05,Colonia,-34.4338318,-57.2436815
03881,03,317,03881,VILLA HADITA,03,Canelones,-34.7093027,-56.0503811
08822,08,316,08822,GOÑI,08,Florida,-33.5202277,-56.4116879
14942,14,315,14942,LA PEDRERA,14,Rocha,-34.5914951,-54.126862
18834,18,313,18834,BALNEARIO IPORA,18,Tacuarembó,-31.6682816,-55.9564806
13943,13,312,13943,MASOLLER,13,Rivera,-31.0839524,-56.00273
17798,17,311,17798,AGRACIADA,17,Soriano,-33.8086462,-58.2671913
05827,05,305,05827,ESTANZUELA,05,Colonia,-34.3286343,-57.72548
10982,10,301,10982,SANTA MONICA,10,Maldonado,-34.8472967,-54.704203
13831,13,295,13831,LAPUENTE,13,Rivera,-31.4687955,-54.9631455
08825,08,293,08825,REBOLEDO,08,Florida,-33.9939813,-55.6488831
03994,03,293,03994,CARMEL,03,Canelones,-34.7875446,-55.9804691
05969,05,293,05969,RADIAL HERNANDEZ,05,Colonia,-34.1207753,-58.0078882
04824,04,287,04824,CERRO DE LAS CUENTAS,04,Cerro Largo,-32.6201495,-54.5938134
03928,03,286,03928,CAMPO MILITAR,03,Canelones,-34.577923,-56.3932635
05997,05,284,05997,PUEBLO GIL,05,Colonia,-34.1525032,-58.0296579
03995,03,283,03995,LA ASUNCION,03,Canelones,-34.8190911,-55.9857948
11824,11,281,11824,CERRO CHATO,11,Paysandú,-31.8712846,-57.5370872
03880,03,278,03880,VILLA SAN FELIPE,03,Canelones,-34.7084291,-56.0570135
03956,03,277,03956,LOS TITANES,03,Canelones,-34.7799831,-55.5667766
13830,13,273,13830,PASO HOSPITAL,13,Rivera,-31.654542,-54.6202605
09957,09,270,09957,BARRIO LA CORONILLA - ANCAP,09,Lavalleja,-34.3969078,-55.299279
18724,18,269,18724,PASO DEL CERRO,18,Tacuarembó,-31.4790522,-55.8322326
12826,12,268,12826,VILLA GENERAL BORGES,12,Río Negro,-32.55823,-57.3883021
12828,12,267,12828,LAS CAÑAS,12,Río Negro,-33.1697133,-58.3544869
12923,12,263,12923,BELLACO,12,Río Negro,-32.7632952,-57.881223
15946,15,257,15946,LLUVERAS,15,Salto,-31.1026107,-57.0633003
07921,07,256,07921,ANDRESITO,07,Flores,-33.1677169,-57.1302181
03934,03,255,03934,CRUZ DE LOS CAMINOS,03,Canelones,-34.6337111,-55.9629427
04822,04,250,04822,BAÑADO DE MEDINA,04,Cerro Largo,-32.403435,-54.3503804
04924,04,247,04924,AREVALO,04,Cerro Largo,-32.6390006,-55.0783849
12823,12,247,12823,PASO DE LOS MELLIZOS,12,Río Negro,-32.52001,-57.1614609
15721,15,247,15721,FERNANDEZ,15,Salto,-31.1782989,-56.3668545
15832,15,246,15832,SAUCEDO,15,Salto,-31.1072062,-57.5291445
16945,16,245,16945,RINCON DEL PINO,16,San José,-34.503131,-56.8341549
14941,14,245,14941,LA ESMERALDA,14,Rocha,-34.1589767,-53.6889922
05987,05,245,05987,ZAGARZAZU,05,Colonia,-33.9647047,-58.3322447
03985,03,244,03985,LA TUNA,03,Canelones,-34.7828965,-55.5605186
10929,10,225,10929,CANTERAS DE MARELLI,10,Maldonado,-34.8436291,-54.9432246
18931,18,224,18931,CUCHILLA DE PERALTA,18,Tacuarembó,-32.4939149,-56.3555793
04923,04,217,04923,ARBOLITO,04,Cerro Largo,-32.6105984,-54.2112571
09956,09,215,09956,VILLA SERRANA,09,Lavalleja,-34.3223672,-54.9893614
13833,13,213,13833,MOIRONES,13,Rivera,-31.6041336,-54.9839544
14826,14,209,14826,BARRIO PEREIRA,14,Rocha,-33.8838835,-53.5211074
16962,16,206,16962,COLOLO TINOSA,16,San José,-34.6149303,-56.6557265
05722,05,203,05722,CASERIO EL CERRO,05,Colonia,-33.9880241,-58.2373199
11826,11,203,11826,MORATO,11,Paysandú,-32.3786079,-56.7030466
03945,03,203,03945,INSTITUTO ADVENTISTA,03,Canelones,-34.6286608,-56.2535802
08944,08,202,08944,PUNTAS DE MACIEL,08,Florida,-33.6223854,-56.3624812
05798,05,202,05798,AGRACIADA,05,Colonia,-33.8108891,-58.2652861
04828,04,201,04828,TOLEDO,04,Cerro Largo,-32.5295905,-54.5294232
15976,15,200,15976,BARRIO HIPICO,15,Salto,-31.080559,-57.8372348
15823,15,200,15823,CAMPO DE TODOS,15,Salto,-31.5592942,-57.6145818
08995,08,200,08995,SAN GABRIEL,08,Florida,-34.0381818,-55.8863283
04968,04,198,04968,RAMON TRIGO,04,Cerro Largo,-32.3490674,-54.6379487
08940,08,196,08940,PINTADO,08,Florida,-33.8340639,-56.3053651
14822,14,195,14822,19 DE ABRIL,14,Rocha,-34.3630623,-54.0667644
05998,05,195,05998,CERRO CARMELO,05,Colonia,-33.981533,-58.2298371
08923,08,194,08923,BERRONDO,08,Florida,-34.1472129,-56.2777223
03942,03,194,03942,ESTACION PEDRERA,03,Canelones,-34.6097669,-55.815786
14964,14,192,14964,LA RIBIERA,14,Rocha,,
10962,10,190,10962,RUTA 37 Y 9 - SIERRAS DEL TIROL,10,Maldonado,,
19822,19,189,19822,ISLA PATRULLA (MARIA ISABEL),19,Treinta y Tres,-32.9918326,-54.5685339
03330,03,189,03330,HUERTA DE LOS HORNEROS,03,Canelones,-34.7987835,-55.9762001
12824,12,188,12824,SARANDI DE NAVARRO,12,Río Negro,-32.5439177,-56.8684517
02927,02,187,02927,PASO CAMPAMENTO,02,Artigas,-30.788001,-56.782232
03927,03,185,03927,BOLIVAR,03,Canelones,-34.223103,-55.7281957
11925,11,184,11925,CAÑADA DEL PUEBLO,11,Paysandú,-31.9473637,-57.1802492
03962,03,184,03962,PASO DE LA CADENA,03,Canelones,-34.4414365,-56.1516241
03926,03,179,03926,BIARRITZ,03,Canelones,-34.7919388,-55.5062984
15959,15,178,15959,PUNTAS DE VALENTIN,15,Salto,-31.5007077,-57.1336264
10822,10,178,10822,GARZON,10,Maldonado,-34.5930292,-54.5454828
03338,03,178,03338,CUCHILLA VERDE,03,Canelones,-34.4382966,-56.3121522
18980,18,175,18980,SAUCE DE BATOVI,18,Tacuarembó,-31.8855061,-55.9568411
19721,19,175,19721,ARROZAL TREINTA Y TRES,19,Treinta y Tres,-33.0429948,-53.695811
07937,07,174,07937,LA CASILLA,07,Flores,-33.6701105,-56.946896
03988,03,172,03988,BARRIO REMANSO,03,Canelones,-34.6061373,-56.2618011
18831,18,171,18831,PUEBLO DEL BARRO,18,Tacuarembó,-31.9661241,-55.4069206
08993,08,171,08993,LA MACANA,08,Florida,-34.0350667,-56.1923454
02826,02,170,02826,JAVIER DE VIANA,02,Artigas,-30.4325409,-56.7858022
05925,05,168,05925,BARKER,05,Colonia,-34.2605013,-57.4593488
18830,18,166,18830,PUEBLO DE ARRIBA,18,Tacuarembó,-31.8621893,-55.4370978
10984,10,166,10984,PARQUE MEDINA,10,Maldonado,-34.7966569,-54.8977263
05980,05,166,05980,SANTA REGINA,05,Colonia,-34.438058,-57.1961849
15935,15,164,15935,CERROS DE VERA,15,Salto,-31.6031655,-56.8139996
12827,12,164,12827,VILLA MARIA,12,Río Negro,-32.5627223,-57.3798907
15950,15,163,15950,OLIVERA,15,Salto,-31.1226885,-56.8766831
10827,10,163,10827,NUEVA CARRARA,10,Maldonado,-34.7182418,-55.260082
15828,15,162,15828,PALOMAS,15,Salto,-31.081055,-57.6098141
04829,04,157,04829,TRES ISLAS,04,Cerro Largo,-32.5135241,-54.687798
09924,09,154,09924,BLANES VIALE,09,Lavalleja,-34.3327611,-55.2499015
18822,18,152,18822,CLARA,18,Tacuarembó,-32.2241422,-55.7362422
13824,13,150,13824,CERRO PELADO,13,Rivera,-31.4715534,-55.1558695
16965,16,150,16965,COSTAS DE PEREIRA,16,San José,-34.460631,-56.8999664
17952,17,150,17952,PERSEVERANO,17,Soriano,-33.829519,-57.789265
03324,03,149,03324,PIEDRAS DE AFILAR,03,Canelones,-34.6655115,-55.5955279
10939,10,148,10939,FARO JOSE IGNACIO,10,Maldonado,-34.846267,-54.6328214
02724,02,148,02724,FRANQUIA,02,Artigas,-30.2214012,-57.5967646
15943,15,147,15943,TERMAS DEL ARAPEY,15,Salto,-30.9474241,-57.5232084
05726,05,147,05726,RIACHUELO,05,Colonia,-34.4323256,-57.7108299
05962,05,146,05962,PLAYA FOMENTO,05,Colonia,-34.4337442,-57.251771
03326,03,146,03326,HARAS DEL LAGO,03,Canelones,-34.8203091,-55.9882268
09958,09,146,09958,SAN FRANCISCO DE LAS SIERRAS,09,Lavalleja,-34.4155004,-55.197828
15831,15,142,15831,SARANDI DE ARAPEY,15,Salto,,
10831,10,142,10831,CHIHUAHUA,10,Maldonado,-34.8729039,-55.0918016
15975,15,141,15975,BARRIO FERNANDEZ,15,Salto,-31.3746846,-57.7820778
12945,12,140,12945,TRES QUINTAS,12,Río Negro,-32.6994742,-57.9963912
15825,15,140,15825,CUCHILLA DE GUAVIYU,15,Salto,-31.0352767,-56.6343573
03944,03,140,03944,FRACC. PROGRESO,03,Canelones,,
09823,09,138,09823,ARAMENDIA,09,Lavalleja,-33.6392648,-54.6176068
09955,09,137,09955,VILLA DEL ROSARIO,09,Lavalleja,-34.3141309,-55.4771272
17822,17,136,17822,CASTILLOS,17,Soriano,-33.849852,-57.7478785
05989,05,135,05989,ARRIVILLAGA,05,Colonia,-34.4167812,-57.469146
10989,10,134,10989,BARRIO FRIGORIFICO,10,Maldonado,,
05924,05,133,05924,ARTILLEROS,05,Colonia,-34.4259381,-57.5744117
03328,03,133,03328,LAS HIGUERITAS,03,Canelones,-34.8158835,-55.9914057
04948,04,132,04948,LA PEDRERA,04,Cerro Largo,-32.3861456,-54.0843368
15971,15,132,15971,GUAVIYU DE ARAPEY,15,Salto,-31.0892292,-56.6875289
05931,05,132,05931,BLANCA ARENA,05,Colonia,-34.4349269,-57.2962666
02957,02,130,02957,TOPADOR,02,Artigas,-30.2976117,-56.8206494
16960,16,129,16960,CERAMICAS DEL SUR,16,San José,-34.7071902,-56.4973238
06821,06,129,06821,BAYGORRIA,06,Durazno,-32.8779682,-56.811054
14928,14,128,14928,CABO POLONIO,14,Rocha,-34.4028524,-53.7825007
03829,03,128,03829,ESTACION MIGUES,03,Canelones,-34.5241134,-55.6252955
17930,17,127,17930,LA CONCORDIA,17,Soriano,-33.5652422,-58.4277843
19942,19,127,19942,MENDIZABAL (EL ORO),19,Treinta y Tres,-33.0530967,-54.1551315
15974,15,125,15974,OSIMANI Y LLERENA,15,Salto,-31.3313614,-57.964996
05940,05,124,05940,PARAJE MINUANO,05,Colonia,-34.3690091,-57.4708473
18825,18,124,18825,CUCHILLA DEL OMBU,18,Tacuarembó,-31.7770363,-55.6943228
18832,18,124,18832,RINCÓN DE LA ALDEA,18,Tacuarembó,-31.7318309,-56.0912025
05956,05,124,05956,LA HORQUETA,05,Colonia,-34.2375738,-57.8816115
17939,17,122,17939,PALO SOLO,17,Soriano,-33.8296006,-58.0237625
16939,16,122,16939,CAÑADA GRANDE,16,San José,-34.4681817,-56.7508991
13965,13,122,13965,CERRO CHAPEU,13,Rivera,,
15830,15,122,15830,QUINTANA,15,Salto,-31.3493894,-56.3949381
03929,03,122,03929,CAPILLA DE CELLA,03,Canelones,-34.6983048,-55.5199134
05938,05,120,05938,COLONIA COSMOPOLITA,05,Colonia,-34.3846683,-57.4009854
11935,11,119,11935,LA TENTACION,11,Paysandú,-32.4868809,-57.7450074
11955,11,118,11955,ESTACION PORVENIR,11,Paysandú,-32.3699555,-57.8551084
07925,07,118,07925,JUAN JOSE CASTRO,07,Flores,-33.4931979,-56.7436027
05959,05,117,05959,PLAYA AZUL,05,Colonia,-34.434767,-57.2639212
11961,11,117,11961,EL ESPINILLO,11,Paysandú,-32.3979043,-58.1360543
11828,11,117,11828,PIÑERA,11,Paysandú,-32.3296412,-57.0487468
13929,13,116,13929,CERRILLADA,13,Rivera,-31.4381166,-54.714837
03341,03,116,03341,BARRA DE PEDRERA,03,Canelones,-34.6030376,-55.9216356
03349,03,115,03349,PILAR DE LOS HORNEROS,03,Canelones,-34.7928474,-55.9725523
09821,09,113,09821,COLON,09,Lavalleja,-33.8768183,-54.7208963
03325,03,113,03325,CUMBRES DE CARRASCO,03,Canelones,-34.7630516,-55.9581768
10935,10,112,10935,EL EDEN,10,Maldonado,-34.9085678,-54.8629832
17928,17,110,17928,EL TALA,17,Soriano,-33.2036283,-57.4124493
10829,10,109,10829,PUEBLO SOLIS,10,Maldonado,,
19896,19,109,19896,VALENTINES,19,Treinta y Tres,-33.2583341,-55.1033958
03336,03,108,03336,EL COLORADO,03,Canelones,-34.679769,-56.2986338
18992,18,107,18992,PUNTA DE CARRETERA,18,Tacuarembó,-32.0829003,-55.1856476
15945,15,107,15945,LAURELES,15,Salto,-31.4987591,-57.5259895
04930,04,107,04930,CASERIO LAS CAÑAS,04,Cerro Largo,-32.3524408,-53.8226463
05961,05,107,05961,PLAYA PARANT,05,Colonia,-34.4338672,-57.2565561
03966,03,106,03966,PASO PALOMEQUE,03,Canelones,-34.5165643,-56.2595274
12825,12,106,12825,SAUCE,12,Río Negro,-32.9018361,-57.7381882
10990,10,105,10990,PUEBLO MIO,10,Maldonado,-34.8701243,-54.8368756
03991,03,105,03991,VILLA JUANA,03,Canelones,-34.7761723,-55.8940367
14926,14,104,14926,BARRIO TORRES,14,Rocha,-34.2117839,-53.8455919
05964,05,102,05964,PUERTO INGLES,05,Colonia,-34.2032773,-58.066059
03996,03,102,03996,QUINTAS DEL BOSQUE,03,Canelones,-34.8194975,-55.9904998
05927,05,100,05927,EL ENSUEÑO,05,Colonia,-34.421706,-57.6031661
